"id","createdby","createddate","modifiedby","modifieddate","brand","description","name","price","short_description","thumbnail","unit_in_stock","category_id","brand_id","discount","rating_average"
1,NULL,"2022-03-16 04:59:22.702",NULL,"2022-04-30 09:47:34.463","Apple","Laptop APPLE MacBook Pro 2020 MYD82SA/A có vẻ ngoài cực kỳ sang trọng được kế thừa từ các thế hệ đi trước nhưng bên trong chứa đựng một cấu hình thực sự rất đáng gờm. Sản phẩm Macbook này hứa hẹn sẽ giúp bạn vượt qua mọi công việc hằng ngày ở văn phòng hay cả tại nhà riêng, thích hợp cho mọi người ưa thích sự sáng tạo, luôn tìm tòi những điều mới mẻ trong công việc.","Laptop APPLE MacBook Pro 2020 MYD82SA/A ( 13.3"" Apple M1/8GB/256GB SSD/macOS/1.4kg)",3200000.0,NULL,9440104,100,1,1,0,3.5
2,NULL,"2022-03-16 12:36:45.405",NULL,NULL,"Apple","Laptop APPLE MacBook Pro 2020 MYD82SA/A có vẻ ngoài cực kỳ sang trọng được kế thừa từ các thế hệ đi trước nhưng bên trong chứa đựng một cấu hình thực sự rất đáng gờm. Sản phẩm Macbook này hứa hẹn sẽ giúp bạn vượt qua mọi công việc hằng ngày ở văn phòng hay cả tại nhà riêng, thích hợp cho mọi người ưa thích sự sáng tạo, luôn tìm tòi những điều mới mẻ trong công việc.","Laptop APPLE MacBook Pro 2020 MYD82SA/A ( 13.3"" Apple M1/8GB/256GB SSD/macOS/1.4kg)",31890000.0,"",9410797,50,1,1,NULL,2.0
3,NULL,"2022-03-16 12:38:33.477",NULL,NULL,"Apple","Các dòng sản phẩm của thương hiệu Apple luôn được đánh giá cao về chất lượng cũng như về hình dáng, mẫu mã. Nếu bạn đang cần một chiếc laptop mỏng, nhẹ, nhỏ gọn để tiện mang theo bên mình thì lựa chọn Laptop APPLE MacBook Air 2020 MGN63SA/A là vô cùng hợp lý.","Laptop APPLE MacBook Air 2020 MGN63SA/A ( 13.3"" Apple M1/8GB/256GB SSD/macOS/1.3kg",26500000.0,"",7076279,50,1,1,NULL,NULL
21,NULL,"2022-03-16 13:52:46.427",NULL,NULL,"Asus","Asus ZenBook Duo 14 UX482EG là chiếc laptop của tương lai khi bạn được làm việc cùng lúc trên hai màn hình độc đáo, tràn đầy năng lượng với cấu hình đỉnh cao, thúc đẩy niềm đam mê sáng tạo bằng những tinh hoa của công nghệ.","Laptop ASUS Zenbook UX482EG-KA166T ( 14"" Full HD/Intel Core i5-1135G7/8GB/512GB SSD/NVIDIA GeForce MX450/Windows 10 Home 64-bit/1.6kg)",34999000.0,"",7094171,50,1,2,NULL,NULL
22,NULL,"2022-03-16 13:53:56.987",NULL,NULL,"Asus","Asus ZenBook Duo 14 UX482EG là chiếc laptop của tương lai khi bạn được làm việc cùng lúc trên hai màn hình độc đáo, tràn đầy năng lượng với cấu hình đỉnh cao, thúc đẩy niềm đam mê sáng tạo bằng những tinh hoa của công nghệ.","Laptop ASUS Zenbook UX482EG-KA166T ( 14"" Full HD/Intel Core i5-1135G7/8GB/512GB SSD/NVIDIA GeForce MX450/Windows 10 Home 64-bit/1.6kg)",34999000.0,"",7094172,50,1,2,NULL,NULL
23,NULL,"2022-03-16 13:58:08.484",NULL,NULL,"MSI","Laptop MSI PS42 Modern 8M-478VN được trang bị bộ vi xử lý Intel® thế hệ mới nhất, bộ nhớ RAM DDR4 và ổ lưu trữ SSD tốc độ cao đem đến khả năng xử lý đa nhiệm một cách nhanh chóng, thời gian khởi động và truy xuất dữ liệu dường như ngay tức thì.","Laptop MSI PS42 Modern 8M-478VN (14"" FHD/i5-8250U/8GB/256GB SSD/UHD 620/Win10/1.2 kg)",20290000.0,"",7094488,50,1,6,NULL,NULL
24,NULL,"2022-03-16 13:59:59.443",NULL,NULL,"MSI","Laptop gaming MSI GS65 Stealth 9SD-1409VN đã định nghĩa lại hoàn toàn cách bạn thường mặc định về một chiếc laptop gaming 15.6-inch. Một thiết kế nhỏ gọn nhờ viền màn hình siêu mỏng cùng với tông màu vàng và đen cao cấp. Lịch lãm, tinh tế, mạnh mẽ - Tất cả đã được chế tác thành một.","Laptop MSI GS65 Stealth 9SD-1409VN (15"" FHD/i5-9300H/8GB/512GB SSD/GTX 1660Ti/Win10/1.9 kg)",32190000.0,"",7094678,50,1,6,NULL,NULL
25,NULL,"2022-03-16 14:09:49.372",NULL,NULL,"Asus","Bàn phím cơ không dây Asus Rog Falchion Red Switch là cái tên mới nhất trong dòng bàn phím gaming của ASUS. Với thiết kế 65%  giúp game thủ có một chiếc bàn phím cơ cực kỳ nhỏ gọn nhưng chất lượng. Bàn phím cơ không dây Asus Rog Falchion Red Switch sở hữu một thiết kế vô cùng độc đáo, với tông màu đen chủ đạo. Hãng còn trang bị thêm cho bàn phím bộ LED RGB vô cùng bắt mắt tạo điểm nhấn mạnh mẽ cho bàn phím.","Bàn phím cơ không dây Asus Rog Falchion Red Switch",3790000.0,"",7095137,50,2,2,NULL,NULL
26,NULL,"2022-03-16 14:10:10.141",NULL,NULL,"Xbox","Loại tay cầm Xbox Series X mới nhất năm 2021 đi kèm USB Receiver hoặc Cáp Type C chính hãng.Có đi kèm USB Receiver hoặc Cáp Type C chính hãng đối với phân loại Tay Series X kèm USB hoặc Tay Series X kèm Cáp Type C.Cải tiến chất liệu so với tay Xbox One S thường.Dùng được trên nhiều thiết bị như Iphone, Ipad, PC, Laptop, Máy chơi game,...","Tay cầm xbox series x bản kèm USB Receiver tay cầm chơi game xbox series x",1649000.0,NULL,7095139,69,5,7,NULL,NULL
27,NULL,"2022-03-16 14:11:56.326",NULL,NULL,"Asus","Bàn phím cơ chơi game ROG Strix Flare RGB Red switch Cherry MX, với biểu tượng tùy chỉnh được chiếu sáng và các phím đa phương tiện chuyên dụng để chơi game. Các switch phím cơ Cherry MX RGB được sản xuất tại Đức mang lại cảm giác cơ học hài hòa nhờ tính năng điều khiển tối ưu – Lựa chọn của các game thủ chuyên nghiệp và những người đam mê","Bàn phím cơ ASUS Strix Flare (Fullsize/Cherry MX Red)",3990000.0,"",7095152,50,2,2,NULL,NULL
28,NULL,"2022-03-16 14:12:55.441",NULL,NULL,"Asus","Bàn phím cơ Corsair K95 RGB PLATINUM XT Mx Speed  được thiết kế và sản xuất bởi hang Corsair - 1 công ty tại Mỹ chuyên thiết kế, sản xuất các bàn phím, chuột, tai nghe và ghế gaming, đang được ưa chuộng bởi các game thủ Việt hiện nay do thiết kế hiện đại, bắt mắt với giá thành hợp lý.  được thiết kế với khung được làm từ chất liệu chắc chắn, bền bỉ, mượt mà, được mạ xám cùng với các đường vân dải sang ngang mang đến kiểu dáng mạnh mẽ. Cùng với các keycap được làm từ nhựa cao cấp đảm bảo tuổi thọ lâu dài cho thiết bị, không bị mờ phím sau thời gian dài.","Bàn phím cơ Corsair K95 RGB PLATINUM XT Mx Speed (CH-9127414-NA)",4590000.0,"",7095160,50,2,2,NULL,NULL
29,NULL,"2022-03-16 14:13:01.257",NULL,NULL,"Xbox","Tay cầm Microsoft Xbox AP4N6-00003 là dạng tay cầm chính thức của máy chơi game console Xbox One thuộc thương hiệu Xbox của Microsoft (là thương hiệu gaming nổi tiếng trên toàn thế giới được thành lập và sở hữu bởi Microsoft mang đến 3 máy console ở thế hệ 6,7 và 8, thương hiệu được giới thiệu đầu tiên vào tháng 11 năm 2001 tại Mỹ cùng với sự ra máy của máy Xbox Console gaming độc quyền đầu tiên) với thiết kế tổng quát giống với tay cầm của máy","Tay cầm Game pad không dây Microsoft Xbox CNTRLLR CABLE FOR PC WIN YI AP",1549000.0,NULL,7095161,69,5,7,NULL,NULL
30,NULL,"2022-03-16 14:14:13.816",NULL,NULL,"Asus","Bàn phím cơ ASUS Strix Flare PNK Ltd được thiết kế và sản xuất bởi hãng Asus Inc. - một tập đoàn đa quốc gia, được đặt trụ sở tại Đài Loan, chuyên cung cấp các mặt hàng điện tử như bo mạch chủ, laptop, điện thoại di động, phụ kiện chất lượng dành cho game thủ. Các sản phẩm đến từ Asus thường được giới game thủ đánh giá cao về mặt chất lượng lẫn giá cả.","Bàn phím cơ ASUS Strix Flare PNK Ltd (Fullsize/Cherry MX Blue) (Xám, Hồng)",4390000.0,"",7095172,50,2,2,NULL,NULL
31,NULL,"2022-03-16 14:14:29.405",NULL,NULL,"PlayStation","Sony Playstation PS5 DUALSENSE là thiết bị cao cấp được hỗ trợ nhiều tính năng hiện đại nhằm mang đến cảm giác chân thực mỗi khi bạn chơi game. Với mức giá không quá đắt, chiếc tay cầm PS5 DUALSENSE sẽ là sự lựa chọn tuyệt vời đáng để mọi game thủ đầu tư, để nâng cao trải nghiệm chơi game với những tiện ích hỗ trợ ấn tượng.","Tay cầm Game Pad Sony Playstation PS5 DUALSENSE",1999000.0,NULL,7095174,69,5,8,NULL,NULL
32,NULL,"2022-03-16 14:15:37.12",NULL,NULL,"Logitech","Hệ điều hành tương thích: Windows 10, 8, 7, Vista, Thiết kế sử dụng cho máy tính Desktop / Laptop / Television OS*, Sử dụng tín hiệu không dây bằng USB Receiver và nguồn điện sử dùng là PIN: AAA","Tay cầm Game pad Logitech F710 (Bạc)",799000.0,NULL,7095179,50,5,3,NULL,NULL
33,NULL,"2022-03-16 14:15:44.666",NULL,NULL,"Corsair","Nếu nói keyset PBT double-shot là làn da “trắng như tuyết” thì Cherry® MX Speed RGB chính là ""hào quang của một Hoàng hậu"". Để theo tone Bạch Tuyết này, Corsair K70 RGB MK.2 SE đã dùng tấm plate nhôm màu trắng bạc và giữ nguyên thiết kế không viền (borderless) truyền thống, từ đó plate nhôm trở thành bộ khung nổi bật của bàn phím. Rất dễ dàng nhận thấy dưới ánh sáng mạnh, màu trắng kim loại của plate Corsair K70 RGB MK.2 SE càng sáng trắng. Kết hợp với chất liệu nhựa PBT màu trắng tạo thành một tone thiên sáng những không thiếu đi tương phản.","Bàn phím cơ CORSAIR K70 MK.2 SE RGB MX (Full size/Cherry MX Speed/RGB) CH-9109114-NA",4450000.0,"",7095181,50,2,9,NULL,NULL
34,NULL,"2022-03-16 14:16:40.047",NULL,NULL,"Xbox","Tay cầm Gamepad không dây Xbox Wireless Controller + USB-C (Đen) là dạng tay cầm chính thức của máy chơi game  được thiết kế tổng quát giống với tay cầm của máy Xbox 360 nhưng được tinh chỉnh về hình dạng, các núm analog, các nút vai và cò (trigger) được thiết kế lại cùng với các động cơ rung bên trong mang đến độ phản hồi chính xác cho các tình tiết gay cấn trong game.","Tay cầm Gamepad không dây Xbox Wireless Controller + USB-C (Đen)",1890000.0,NULL,7095186,50,5,7,NULL,NULL
35,NULL,"2022-03-16 14:17:24.596",NULL,NULL,"Logitech","Bàn phím Logitech sẽ là một chiến binh vô cùng mạnh đồng hành với các game thủ trong mỗi trận đấu. Bàn phím Logitech G913 TKL HARPY LINEAR RGB Gaming là một điển hình cho công nghệ LightSpeed. GL LINEAR có cú nhấn phím êm ái, mượt mà hoạt động êm ái của phím switch thấp (linear) lý tưởng cho các cú nhấn đúp và nhanh liên tiếp, khiến chúng rất tuyệt vời cho các trò chơi MMO và hành động.","Bàn phím Logitech G913 TKL HARPY LINEAR RGB Gaming",4690000.0,"",7095191,50,2,3,NULL,NULL
36,NULL,"2022-03-16 14:17:25.594",NULL,NULL,"Xbox","Tay cầm Microsoft Xbox AP4N6-00003 là dạng tay cầm chính thức của máy chơi game console Xbox One thuộc thương hiệu Xbox của Microsoft (là thương hiệu gaming nổi tiếng trên toàn thế giới được thành lập và sở hữu bởi Microsoft mang đến 3 máy console ở thế hệ 6,7 và 8, thương hiệu được giới thiệu đầu tiên vào tháng 11 năm 2001 tại Mỹ cùng với sự ra máy của máy Xbox Console gaming độc quyền đầu tiên) với thiết kế tổng quát giống với tay cầm của máy Xbox 360 nhưng được tinh chỉnh về thiết kế như sửa đổi lại về hình dạng, các núm analog, các nút vai và cò (trigger) được thiết kế lại cùng với các động cơ rung bên trong các cò mang đến độ phản hồi chính xác cho các tình tiết gay cấn trong game.","Tay cầm Game pad không dây Microsoft Xbox CNTRLLR CABLE FOR PC WIN YI AP",1790000.0,NULL,7095192,50,5,7,NULL,NULL
37,NULL,"2022-03-16 14:20:04.555",NULL,NULL,"Asus","Rog Strix Scope TKL Red Switch là loại bàn phím cơ chuyên dụng dành cho các game thủ với thiết kế Xccurate - phím Ctrl cực rộng, giúp bạn dễ dàng cảm nhận và nhấn chính xác hơn trong game FPS. Đây sẽ là người bạn hỗ trợ đắc lực để bạn chinh phục được mọi đỉnh cao. ROG Strix Scope TKL là bàn phím cơ chơi game thuộc dạng cao cấp với kích thước nhỏ nhằm tạo thêm không gian trên mặt bàn để người dùng có thể di chuyển chuột thoải mái hơn. Thiết kế Xccurate với phím Ctrl cực rộng giúp mọi thao tác trong các game FPS của bạn trở nên chính xác hơn.","Bàn phím cơ Asus Rog Strix Scope TKL Red Switch",2690000.0,"",7095205,50,2,2,NULL,NULL
38,NULL,"2022-03-16 14:20:22.109",NULL,NULL,"Acer","Acer Aspire M230 UX.VQVSI.145 là bộ máy tính phổ thông của Acer, sử dụng CPU Intel Core với 4GB bộ nhớ, đáp ứng tốt công việc văn phòng, và các nhu cầu sử dụng hàng ngày như lướt web, xem video, giải trí nhẹ.","Máy tính để bàn - PC Acer Aspire M230 UX.VQVSI.145 (i5-8400/4GB/1TB HDD/UHD 630/Endless)",11990000.0,NULL,7095210,50,6,4,NULL,NULL
39,NULL,"2022-03-16 14:21:12.784",NULL,NULL,"Logitech","Logitech G913 TKL HARPY TACTILE RGB Gaming là một điển hình cho công nghệ LightSpeed. GL TACTILE Nhấn phím trực quan có thể cảm nhận rõ phím switch tactle đem lại phản hồi tinh tế trong khoảnh khắc nhấn cho phản hồi chính xác ngay lập tức – lý tưởng cho các trận thi đấu và FPS. Logitech G913 TKL HARPY TACTILE RGB Gaming với thiết kế siêu mỏng bằng từ 1/2 các loại bàn phím cơ thông thường khác. Đặc biệt hơn đó chính là vật liệu sử dụng để làm vỏ phím vô cùng đặc biệt, thoải mái khi sử dụng và dễ dàng mang đi với thiết kế mỏng nhẹ và chắc chắn.","Bàn phím Logitech G913 TKL HARPY TACTILE RGB Gaming",4590000.0,"",7095224,50,2,3,NULL,NULL
40,NULL,"2022-03-16 14:21:27.095",NULL,NULL,"Acer","PC Acer Aspire XC-885 DT.BAQSV.027 là bộ máy tính phổ thông của Acer, sử dụng CPU Intel Core với 4GB bộ nhớ, đáp ứng tốt công việc văn phòng, và các nhu cầu sử dụng hàng ngày như lướt web, xem video, giải trí nhẹ.","PC Acer Aspire XC-885 DT.BAQSV.027 (i3-9100/4GB/1TB HDD/UHD 630/Win10)",10890000.0,NULL,7095236,50,6,4,NULL,NULL
41,NULL,"2022-03-16 14:23:01.506",NULL,NULL,"Logitech","Logitech G913 TKL HARPY TACTILE RGB Gaming là một điển hình cho công nghệ LightSpeed. GL TACTILE Nhấn phím trực quan có thể cảm nhận rõ phím switch tactle đem lại phản hồi tinh tế trong khoảnh khắc nhấn cho phản hồi chính xác ngay lập tức – lý tưởng cho các trận thi đấu và FPS. Logitech G913 TKL HARPY TACTILE RGB Gaming với thiết kế siêu mỏng bằng từ 1/2 các loại bàn phím cơ thông thường khác. Đặc biệt hơn đó chính là vật liệu sử dụng để làm vỏ phím vô cùng đặc biệt, thoải mái khi sử dụng và dễ dàng mang đi với thiết kế mỏng nhẹ và chắc chắn.","Bàn phím Logitech G913 TKL HARPY TACTILE RGB Gaming",4590000.0,"",7095247,50,2,3,NULL,NULL
42,NULL,"2022-03-16 14:23:01.915",NULL,NULL,"Acer","PC Acer Aspire TC-865 (DT.BARSV.00B)  sở hữu vẻ ngoài mạnh mẽ với các góc cạnh được thiết kế vô cùng tinh xảo, phù hợp lắt đặt và sử dụng trong các văn phòng tại công ty hoặc phòng làm việc tại nhà của bạn. Bên trong khung máy được thiết kế khá rộng rãi cung cấp nhiều không gian để nâng cấp sau này.","PC Acer Aspire TC-865 (DT.BARSV.00B) (i5-9400/4GB/1TB HDD/UHD 630/Endless)",11890000.0,NULL,7095248,50,6,4,NULL,NULL
43,NULL,"2022-03-16 14:23:55.439",NULL,NULL,"Apple","Máy tính để bàn/ PC Mac Mini 2020 Z12P000HK là bộ máy tính cao cấp được Apple trang bị chip độc quyền thế hệ mới mang đến hiệu năng mạnh mẽ hơn bao giờ hết. Với cấu hình ấn tượng cùng thiết kế sang trọng, đây sẽ là bộ PC chất lượng đáng để bạn đầu tư nếu có nhu cầu sử dụng hiệu năng cao trong công việc thiết kế đồ họa hoặc chơi game giải trí. Máy tính để bàn/ PC Mac Mini 2020 Z12P000HK sở hữu thiết kế màu bạc sang trọng với logo quả táo quen thuộc tạo điểm nhấn thu hút mọi ánh nhìn. Với kích thước 19.7 x 19.7 x 3.6 cm cùng trọng lượng 1.2 kg, bộ PC trở nên thật gọn nhẹ để bạn có thể dễ dàng di chuyển đến các vị trí khác.","PC APPLE Mac Mini 2020 Z12P000HK(Apple M1/16GB/512GBSSD/Mac OS/WiFi 802.11ax)",29990000.0,NULL,7095252,50,6,1,NULL,NULL
44,NULL,"2022-03-16 14:24:17.293",NULL,NULL,"Corsair","Nếu bạn đang tìm kiếm một bàn phím có thể mang lại một trải nghiệm tuyệt vời, cho các thao tác được thực hiện trơn tru thì bàn phím cơ Corsair K60 PRO SE Mx VIOLA RGB Led (CH-910D119-NA) là một sản phẩm không thể bỏ qua. Đây là sự lựa chọn tốt dành cho các bạn muốn nâng cấp phụ kiện PC. Bàn phím cơ Corsair K60 PRO SE Mx VIOLA RGB Led (CH-910D119-NA) đến từ thương hiệu CORSAIR. Mang cho mình triết lý thiết kế hiện đại, chiếc bàn phím khoác một lớp áo ấn tượng cùng những đường nét sắc sảo và sắp xếp thông minh.","Bàn phím cơ Corsair K60 PRO SE Mx VIOLA RGB Led (CH-910D119-NA)",2450000.0,"",7095255,50,2,9,NULL,NULL
45,NULL,"2022-03-16 14:24:49.47",NULL,NULL,"Asus","Asus VF222F (i5 10210U/8GB/512GB/WL+BT/KB+M/Win10/White/21.5"" FHD) (V222FAK-WA149T) là dòng PC cao cấp của thương hiệu nhà Asus, với phong cách thiết kế sang trọng, phong cách, đi đôi với cấu hình chip Core i5-10210U khá khỏe bên trong trong, hứa hẹn sẽ mang đến cho bạn những trải nghiệm vô cùng ấn tượng.","PC ASUS VF222F V222FAK-WA149T(21.5""Full HD/Intel Core i5-10210U/8GB/512GBSSD/Windows 10 Home SL 64-bit/WiFi 802.11ac",15990000.0,NULL,7095259,50,6,2,NULL,NULL
46,NULL,"2022-03-16 14:26:25.706",NULL,NULL,"Asus","PC ASUS AIO V241E V241EAT-BA066T là dòng PC cao cấp của thương hiệu nhà Asus, với phong cách thiết kế sang trọng, phong cách, đi đôi với cấu hình chip Core i5-10210U khá khỏe bên trong trong, hứa hẹn sẽ mang đến cho bạn những trải nghiệm vô cùng ấn tượng.","PC ASUS AIO V241E V241EAT-BA066T(23.8""Full HD/Intel Core i3-1115G4/8GB/512GBSSD/Windows 10 Home SL 64-bit/WiFi 802.11ac)",15990000.0,NULL,7095265,50,6,2,NULL,NULL
47,NULL,"2022-03-16 14:27:22.64",NULL,NULL,"Asus","ASUS VivoMini UN62-M3240M (90MS00A1-M02410) là sản phẩm máy tính để bàn mini dành cho những người sử dụng cần một chiếc máy tính để đặt trong phòng khách hoặc góc làm việc có diện tích nhỏ.","Máy tính để bàn - PC ASUS VivoMini UN62-M3240M 90MS00A1-M02410 (i3-4010U/HD 4400)",4990000.0,NULL,7095267,50,6,2,NULL,NULL
48,NULL,"2022-03-16 14:28:06.41",NULL,NULL,"Asus","PC Asus PN40-BBC061MV là chiếc máy tính bàn thế hệ mới mang lại hiệu suất cực mạnh mẽ mà không làm ồn nhờ bộ xử lý Intel Celeron J4005. Kích thước của chiếc PC này lại vô cùng gọn nhẹ với khối lượng ấn tượng chỉ 0.7kg thật dễ dàng di chuyển và lắp đặt. Đây là sản phẩm lý tưởng phục vụ cho cả công việc và giải trí.","PC ASUS PN40 BBC061MV(Intel Celeron J4005/WiFi 802.11ac)",4490000.0,NULL,7095268,50,6,2,NULL,NULL
49,NULL,"2022-03-16 14:28:47.217",NULL,NULL,"Asus","Máy tính để bàn - PC ASUS S340MC (S340MC-0G5400060T) (Pentium G5400/4GB/1TB HDD/UHD 610/Win10)","Máy tính để bàn - PC ASUS S340MC (S340MC-0G5400060T) (Pentium G5400/4GB/1TB HDD/UHD 610/Win10)",7890000.0,NULL,7095270,50,6,2,NULL,NULL
50,NULL,"2022-03-16 14:29:20.751",NULL,NULL,"Corsair","Màng loa ASUS Essence độc quyền, công nghệ buồng kín âm và công nghệ dò tín hiệu âm thanh để mang lại trải nghiệm âm thanh đắm chìm, - Hỗ trợ đa nền tảng đối với PC, Mac, PS4, Nintendo Switch và các thiết bị di động, Tiện nghi hơn với đệm tai nghe ROG Hybrid hình chữ D được thiết kế công thái học","Tai nghe Over-ear Asus ROG Delta Core",2890000.0,"",7095271,50,3,9,NULL,NULL
51,NULL,"2022-03-16 14:29:34.095",NULL,NULL,"Dell","PC Dell OptiPlex 3080 Tower 70233227 được tích hợp cấu hình linh hoạt Intel Core i3-10100 và bộ nhớ 4GB RAM cùng nhiều tính năng mới hoạt động năng suất hơn. Với thiết kế khá thu hút cùng tầm giá phải chăng, chiếc máy tính để bàn này sẽ là lựa chọn hoàn hảo cho không gian làm việc của bạn.","PC Dell OptiPlex 3080 Tower 70233227(Intel Core i3-10100/4GB/1TBHDD/",9690000.0,NULL,7095272,50,6,5,NULL,NULL
52,NULL,"2022-03-16 14:30:28.772",NULL,NULL,"Dell","Máy tính để bàn PC Dell Inspiron 3881 MT 0K2RY1 sở hữu vẻ ngoài sang trọng, đẹp mắt và có các tính năng nổi bật đảm bảo sẽ mang đến những trải nghiệm tốt nhất dành cho người dùng khi sử PC Dell Inspiron 3881 MT 0K2RY1 khi xử lý đồ họa, công việc hoặc game phù hợp cho nhiều nhu cầu sử dụng.","PC Dell Inspiron 3881 MT 0K2RY1(Intel Core i3-10100/8GB/1TBHDD/Windows 10 Home SL 64-bit/DVD/CD RW/WiFi 802.11ac)",9990000.0,NULL,7095274,50,6,5,NULL,NULL
53,NULL,"2022-03-16 14:31:13.368",NULL,NULL,"HP","CPU: Intel Core i3-8100 (3.6 GHz/6MB/4 nhân, 4 luồng)
- RAM: 1 x 8GB DDR4 2666MHz (2 Khe cắm, Hỗ trợ tối đa 16GB)
- Đồ họa: Intel UHD Graphics 630
- Lưu trữ: 1TB HDD 7200RPM
","Máy tính để bàn PC HP EliteDesk 800 G4 (4SA37PA) (Intel Core i3-8100 3.6 GHz/8GB RAM/1TB/Intel UHD Graphics 630/Free DOS)",9590000.0,NULL,7095290,50,6,10,NULL,NULL
54,NULL,"2022-03-16 14:31:27.6",NULL,NULL,"Corsair","Tai nghe Corsair HS70 PRO WIRELESS SE Cream (CA-9011210-AP) là dòng tai nghe không dây, đây là phiên bản tiếp nối 2 bản HS60 và HS50. Chỉ với mức giá tầm 2 đến 3 triệu đồng, bạn đã sở hữu được chiếc tai nghe khá chất lượng dành cho game thủ. Cùng khám phá xem những chiếc tai nghe này có những đặc điểm nổi bật nào.","Tai nghe Corsair HS70 PRO WIRELESS SE Cream (CA-9011210-AP)",1890000.0,"",7095297,50,3,9,NULL,NULL
55,NULL,"2022-03-16 14:32:03.866",NULL,NULL,"HP","CPU: Intel Core i5-10400 (2.90 GHz - 4.30 GHz/12MB/6 nhân, 12 luồng)
- RAM: 1 x 8GB DDR4 2666MHz (2 Khe cắm, Hỗ trợ tối đa 32GB)
- Đồ họa: Intel UHD Graphics 630
- Lưu trữ: 512GB M.2 NVMe SSD/
","PC HP Pavilion TP01-1114d 180S4AA(Intel Core i5-10400/8GB/512GBSSD/Windows 10 Home SL 64-bit/DVD/CD RW/WiFi 802.11ac)",14590000.0,NULL,7095302,50,6,10,NULL,NULL
56,NULL,"2022-03-16 14:32:24.484",NULL,NULL,"HP","CPU: Intel Pentium G6405 (4.10 GHz/4MB/2 nhân, 4 luồng)
- RAM: 1 x 4GB DDR4 2666MHz (2 Khe cắm,
- Đồ họa: Intel UHD Graphics 610
- Lưu trữ: 256GB M.2 NVMe SSD/
- Bàn phím + Chuột có dây
","PC HP S01-pF1003d 46J93PA(Intel Pentium G6405/4GB/256GBSSD/Windows 10 Home SL 64-bit/DVD/CD RW/WiFi 802.11ac)",7390000.0,NULL,7095307,50,6,10,NULL,NULL
57,NULL,"2022-03-16 14:32:35.842",NULL,NULL,"Corsair","Tai nghe chơi game không dây Corsair VOID ELITE Surround 7.1 Cherry (CA-9011206-AP) là dòng tai nghe có dây. Chỉ với mức giá không quá cao, bạn đã sở hữu được chiếc tai nghe khá chất lượng dành cho game thủ. Cùng khám phá xem những chiếc tai nghe này có những đặc điểm nổi bật nào.","Tai nghe chơi game Corsair VOID ELITE Surround 7.1 Cherry (CA-9011206-AP)",2399000.0,"",7095309,50,3,9,NULL,NULL
58,NULL,"2022-03-16 14:32:59.913",NULL,NULL,"HP","280 Pro G5 SFF 1C4W3PA sở hữu vẻ ngoài sang trọng, đẹp mắt và hiệu suất hoàn hảo cùng giá thành hợp lý chắc chắn sẽ là sản phẩm đáng tin cậy của doanh nghiệp, cá nhân khi sử dụng. Máy tính để bàn PC HP 280 Pro G5 SFF 1C4W3PA có thiết kế sang trọng, lấy màu đen chủ đạo với các đường vân sọc chéo. Ngoài ra, thiết kế cũng rất tiện dụng với ổ đĩa quang, ổ kết nối ngay mặt ngoài.","PC HP 280 Pro G5 SFF 1C4W3PA(Intel Core i5-10400/4GB/256GBSSD/Windows 10 Home SL 64-bit/DVD/CD RW/WiFi 802.11ac)",12190000.0,NULL,7095314,50,6,10,NULL,NULL
59,NULL,"2022-03-16 14:33:43.49",NULL,NULL,"SteelSeries","SteelSeries vốn đã khá nổi tiến trên thị trường bắt nguồn từ dòng tai nghe Siberia v1/v2/v3 được rất nhiều game thủ trên thế giới ưa chuộng tiếp đến là các dòng Siberia 150/350/650/800/840 đem lại nhiều cải thiện về chất lượng âm thanh và microphone. Mới đây, SteelSeries tiếp tục cho ra mắt dòng tai nghe mới nhất của mình là Arctis 3/5/7 với thiết kế, chất liệu earpads và headband mới, với khả năng hoạt động qua cổng cắm USB hoặc 3.5mm giúp cho dòng tai nghe Arctis có thể hoạt động trên mọi loại thiết bị (PC, MAC, PlayStaion, Xbox, VR headsets và các thiết bị di động khác) kèm theo đó là các tính năng như DTS 7.1 Surround Sound thường thấy ở các dòng tai nghe chơi game cao cấp.","Tai nghe Over-ear SteelSeries Arctis 5 (Đen)",2399000.0,"",7095328,50,3,11,NULL,NULL
60,NULL,"2022-03-16 14:35:07.975",NULL,NULL,"MSI","Màn hình LCD MSI PRO MP271 sở hữu tấm màn rộng 27inch với thiết kế tổng thể nhìn toát lên vẻ đẹp hiện đại, tinh tế. Thiết kế viền màn hình siêu mỏng, chân đế là một khối tròn dẹt cách điệu nhằm tiết kiệm diện tích tiếp xúc nhưng vẫn đảm bảo độ chắc chắn, an toàn cho màn hình.","Màn hình LCD MSI PRO MP271 (1920 x 1080/IPS/75Hz/5 ms)",4490000.0,NULL,7095654,69,6,6,NULL,NULL
61,NULL,"2022-03-16 14:35:22.966",NULL,NULL,"SteelSeries","Các loại tai nghe của hãng SteelSeries chắc hẳn không còn xa lạ với những game thủ ở Việt Nam, một trong những thương hiệu Gaming Gear hàng đầu đến từ Đan Mạch. Mỗi dòng tai nghe của hãng luôn ghi điểm với chất lượng âm thanh và thiết kế hiện đại, tiện lợi. Mỗi dòng đều có điểm nổi bật khác nhau, ở đây chúng tôi sẽ giới thiệu chiếc tai nghe SteelSeries Arctis 3 2019 Edition (Đen) với mức giá tầm trung, thích hợp với các đối tượng đang là học sinh và sinh viên.","Tai nghe Over-ear SteelSeries Arctis 3 2019 Edition (Đen)",1790000.0,"",7095661,50,3,11,NULL,NULL
62,NULL,"2022-03-16 14:35:53.465",NULL,NULL,"Acer","Với thiết kế lớn lên tới 19.5 inch, độ phân giải sắc nét 1600 x 900 Pixels at 60 Hz cho phép màn vi tính hình Acer,có khả năng hiện thị hình ảnh một cách rõ nét và chân thực giúp phục vụ bạn trong công việc lẫn giải trí một cách hiệu quả hơn. Ngoài ra với việc thiết kế bắt mắt với khối lượng 2.7 kg cho phép màn hình vi tính Acer K202HQL có độ vững chắc nhất định cho chân máy.","Màn Hình Acer 19.5"" K202HQL (1600x900/TN/60Hz/5ms)",2790000.0,NULL,7095664,69,6,4,NULL,NULL
63,NULL,"2022-03-16 14:36:48.681",NULL,NULL,"HyperX","Dù bạn muốn tai nghe gaming có âm thanh nổi được thiết kế riêng theo nhu cầu của từng thế hệ máy chơi game, chắc chắn sẽ có loại tai nghe Cloud hợp với bạn. Mỗi kiểu tai nghe Cloud đều được thiết kế để giúp bạn dẫn đầu trong thời gian lâu hơn nhờ sự thoải mái của mũ chụp tai đàn hồi đặc biệt đã được công nhận của HyperX.","Tai nghe HyperX Cloud Stinger Core (4P4F4AA)",890000.0,"",7095674,50,3,12,NULL,NULL
64,NULL,"2022-03-16 14:37:17.865",NULL,NULL,"Acer","ED242QR được sản xuất bởi tập đoàn Acer, chuyên sản xuất các loại máy tính để bàn, thiết bị lưu trữ và màn hình hiển thị... Các sản phẩm mới của Acer đều được áp dụng công nghệ tiên tiến, mang lại giá trị tốt nhất cho người dung, LCD Acer 24 inches được thiết kế cạnh viền mỏng và sang trọng, kèm theo đó là đế chắc chắn giúp bạn có thể lắp đặt trong bàn làm việc một cách dễ dàng. Với màn hình cong VA, bạn sẽ được tận hưởng một trải nghiệm tuyệt đẹp, cùng những chi tiết sắc nét trên màn hình gần như không có viền.","Màn hình LCD ACER ED242QR (1920 x 1080/VA/75Hz/4 ms)",3390000.0,NULL,7095699,69,7,4,NULL,NULL
65,NULL,"2022-03-16 14:38:01.115",NULL,NULL,"HyperX","FLIGHT WIRELESS (HX-HSCF-BK/AM) có đệm tai mút hoạt tính giả da và dây đeo được bọc da lót đệm siêu mềm mang lại cho bạn sự thoải mái tối đa, thậm chí ngay cả khi bạn chìm trong một cuộc chiến vô tận. Tai nghe mang tới sự thư giãn tuyệt vời cho đôi tai của bạn với khả năng tái tạo âm bass tăng cường, với các âm lượng cao, trung và thấp. Đây là tai nghe được tối ưu hóa cho các game thủ nhà nghề với micro hiện đại, giúp âm thanh được truyền đi chính xác, to rõ.","Tai nghe Over-ear HyperX CLOUD FLIGHT WIRELESS (4P5L4AA#ABL)",2690000.0,"",7095702,50,3,12,NULL,NULL
66,NULL,"2022-03-16 14:40:44.221",NULL,NULL,"Acer","Kích thước: 27"" (1920 x 1080), Tỷ lệ 16:9
- Tấm nền IPS, Góc nhìn: 178 (H) / 178 (V)
- Tần số quét: 75Hz , Thời gian phản hồi 4 ms
- HIển thị màu sắc: 16.7 triệu màu
- Cổng hình ảnh: , 1 x HDMI, 1 x VGA/D-sub
","Màn hình LCD ACER ED272 A (1920 x 1080/IPS/75Hz/4 ms)",4299000.0,NULL,7095716,69,7,4,NULL,NULL
67,NULL,"2022-03-16 14:41:24.723",NULL,NULL,"Acer","Màn hình LCD Acer Predator XB253Q GX được sản xuất bởi tập đoàn Acer, chuyên sản xuất các loại máy tính để bàn, thiết bị lưu trữ và màn hình hiển thị... Các sản phẩm mới của Acer đều được áp dụng công nghệ tiên tiến, mang lại giá trị tốt nhất cho người dùng. Màn hình Acer Nitro XB253Q GX 24.5 inches được thiết kế 3 cạnh viền khá mỏng và chắc chắn, kèm theo đó là đế chắc chắn giúp bạn có thể lắp đặt trong bàn làm việc một cách dễ dàng. Với màn hình Acer, bạn sẽ được tận hưởng một trải nghiệm tuyệt đẹp, cùng những chi tiết sắc nét trên màn hình.","Màn hình LCD ACER XB253Q GX (1920 x 1080/IPS/240Hz/0.5 ms/G-Sync)",47790000.0,NULL,7095720,69,7,4,NULL,NULL
68,NULL,"2022-03-16 14:41:25.794",NULL,NULL,"HyperX","Tai nghe không dây HyperX Cloud II Wireless được thiết kế với khối lượng chỉ 309g, cùng với đó là lực kẹp và sự phân bố trọng lượng nhằm tạo ra một chiếc headphone thoải mái, không gây áp lực cho tai bạn trong suốt những trận game dài hơi.","Tai nghe không dây HyperX Cloud II Wireless (Đỏ) (4P5K4AA)",3690000.0,"",7095721,50,3,12,NULL,NULL
69,NULL,"2022-03-16 14:42:07.998",NULL,NULL,"Acer","Màn hình cong gaming ACER 27 inch ED273URP hoàn thiện với tấm nền VA, tinh hoa công nghệ hiển thị từ ông lớn Samsung. Nhờ tấm nền này LCD ACER ED273URP sở hữu góc nhìn cực rộng (178°x178°), thời gian phản hồi nhanh (4ms) và tần số quét ấn tượng (144Hz), tất cả mang lại trải nghiệm game vô cùng mượt mà, không hề có hiện tượng xé hình, giật hình.","Màn hình Acer 27"" ED273URP (2k/VA/144Hz/4ms)",7990000.0,NULL,7095732,69,7,4,NULL,NULL
70,NULL,"2022-03-16 14:42:39.561",NULL,NULL,"Acer","Kích thước: 21.5"" (1920 x 1080), Tỷ lệ 16:9
- Tấm nền VA, Góc nhìn: 178 (H) / 178 (V)
- Tần số quét: 75Hz , Thời gian phản hồi 5 ms
- HIển thị màu sắc: 16.7 triệu màu
- Cổng hình ảnh: , 1 x HDMI 1.4, 1 x VGA/D-sub
","Màn hình LCD ACER EK220Q (1920 x 1080/VA/75Hz/5 ms)",3200000.0,NULL,7095734,69,7,4,NULL,NULL
71,NULL,"2022-03-16 14:42:41.563",NULL,NULL,"HyperX","Tai nghe không dây Gaming Kingston HyperX Cloud Stinger Core 7.1 (Đen) có chất lượng âm thanh đa chiều nhờ vào màng loa 40mm, chức năng tăng cường âm và thiết kế chụp tai đóng kín, ngăn tạp âm từ môi trường xung quanh, để bạn có thể tập trung, thoải mái đắm chìm vào game.","Tai nghe không dây Gaming HyperX Cloud Stinger Core 7.1 (4P4F0AA) (Đen)",1690000.0,"",7095735,50,3,12,NULL,NULL
72,NULL,"2022-03-16 14:43:27.356",NULL,NULL,"HP","Màn hình LCD OMEN 27 inch 6FN08AA (2560 x 1440, TN, 240Hz, 1ms) là dòng màn hình mang thương hiệu của HP, sở hữu kích thước màn hình 27 inch QHD và được bao phủ toàn bộ bằng tông màu đen điểm thêm một chi tiết màu đỏ phía sau đơn giản lại đậm cá tính, sẽ là một công cụ mang đến không gian làm việc và học tập của bạn trở nên nhẹ nhàng nhưng lại sang trọng.","Màn hình LCD HP OMEN 6FN08AA (2560 x 1440/240Hz/1 ms/FreeSync)",15990000.0,NULL,7095738,69,7,10,NULL,NULL
73,NULL,"2022-03-16 14:44:02.286",NULL,NULL,"HP","Kích thước: 18.5"" (1366 x 768), Tỷ lệ 16:9
Tấm nền TN
Tần số quét: 60Hz , Thời gian phản hồi 5 ms
 Cổng hình ảnh: , 1 x VGA/D-sub
.","Màn hình LCD HP V19 (1366 x 768/TN/60Hz/5 ms)",2330000.0,NULL,7095740,69,7,10,NULL,NULL
74,NULL,"2022-03-16 14:44:37.053",NULL,NULL,"HP","Màn hình LCD HP 23.8"" P24v_9TT78AA được trang bị với Kích thước: 23.8"" (1920 x 1080), Tỷ lệ 16:9, Tấm nền IPS, Góc nhìn: 178 (H) / 178 (V), Tần số quét: 60Hz và Cổng hình ảnh: , 1 x HDMI, 1 x VGA/D-sub. Đây chính là sản phẩm tạo điểm nhấn cho góc làm việc nếu bạn muốn 1 phong cách sang trọng nhưng không quá cầu kỳ. Màu đen được thiết kế là gam màu chủ đạo của Màn hình máy tính HP P24v 23.8 inch FHD (9TT78AA). Màu đen trong thiết kế này vừa giữ sản phẩm luôn mới, vừa làm toát lên vẻ trang nhã, sang trọng cho không gian bố trí.","Màn hình LCD HP P24v_9TT78AA (1920 x 1080/IPS/60Hz/5 ms)",3890000.0,NULL,7095743,69,7,10,NULL,NULL
75,NULL,"2022-03-16 14:45:16.063",NULL,NULL,"HP","Màn hình LCD HP 18.5inch P19b G4_9TY83AA là dòng màn hình mang thương hiệu của HP, sở hữu kích thước màn hình 18.5 inch HD và được bao phủ toàn bộ bằng tông màu đen đơn giản lại cá tính, sẽ là một công cụ mang đến cho không gian của góc làm việc và học tập của bạn trở nên nhẹ nhàng nhưng lại sang trọng.","Màn hình LCD HP P19b G4_9TY83AA (1366 x 768/TN/60Hz/5 ms)",2800000.0,NULL,7095757,69,7,10,NULL,NULL
76,NULL,"2022-03-16 14:45:53.807",NULL,NULL,"Acer","27 inch Full HD làm giảm sự phơi sáng của ánh sáng màu xanh, có thể có khả năng gây hại, bằng cách điều chỉnh màu sắc và độ sáng. Bạn có thể truy cập và chọn bốn cài đặt bộ lọc khác nhau trên màn hình một cách dễ dàng thông qua menu OSD để tìm một thiết bị phù hợp nhất với công việc hiện tại. Công nghệ Flickerless loại bỏ màn hình nhấp nháy bằng cách cung cấp một nguồn điện ổn định cho màn hình hiển thị. Điều này giảm thiểu các trường hợp mỏi mắt và các bệnh về mắt khác có thể gây hại khi bạn lôi kéo vào các cuộc trò chơi kéo dài.s","Màn Hình cong Acer 27"" ED273 (1920x1080/VA/144Hz/4ms)",5590000.0,NULL,7095758,69,7,4,NULL,NULL
77,NULL,"2022-03-16 14:46:30.867",NULL,NULL,"HP","Màn hình LCD HP 27"" P27v G4 9TT20AA có cấu hình cơ bản với màn hình Full HD, linh hoạt góc nhìn và các cổng kết nối thông dụng đáp ứng dễ dàng mọi nhu cầu sử dụng văn phòng của người dùng. LCD HP P27v G4 9TT20AA trang bị màn hình có kích thước 27 inch cùng độ phân giải 1920 x 1080 pixels Full HD trên kích cỡ màn hình tiêu chuẩn 16:9 cho hình ảnh hiển thị rõ nét từng chi tiết.","Màn hình LCD HP 9TT20AA (1920 x 1080/IPS/60Hz/5 ms)",5200000.0,NULL,7095767,69,7,10,NULL,NULL
78,NULL,"2022-03-16 14:47:03.375",NULL,NULL,"Dell","Màn hình LCD Dell 27"" S2721H là dòng màn hình mang thương hiệu Dell, với kích thước màn hình 27 inch và đi kèm cùng thiết kế chân đế chuyên dụng bức phá mọi hiệu năng, sẽ là một công cụ mang đến cho không gian của góc làm việc và học tập của bạn trở nên nhẹ nhàng nhưng lại không kém phần sang trọng.","Màn hình LCD Dell S2721H (1920 x 1080/IPS/75Hz/8 ms/FreeSync)",5850000.0,NULL,7095775,69,7,5,NULL,NULL
79,NULL,"2022-03-16 14:47:36.509",NULL,NULL,"Dell","Màn hình LCD 24"" Dell S2421HGF có được vẻ ngoài hiện đại, kết hợp cùng khả năng hiển thị 16.7 triệu màu tối ưu. Đồng thời còn sở hữu được công nghệ FreeSync đồng bộ và tạo nên được trải nghiệm hình ảnh chân thực nhất cho người dùng. Đây là sản phẩm phù hợp cho dân văn phòng hoặc là game thủ chuyên nghiệp.","Màn hình LCD Dell S2421HGF (1920 x 1080/TN/144Hz/1 ms/FreeSync)",5190000.0,NULL,7095780,69,7,5,NULL,NULL
80,NULL,"2022-03-16 14:47:39.283",NULL,NULL,"Corsair","Tai nghe không dây Gaming Kingston HyperX Cloud Stinger Core 7.1 (Đen) có chất lượng âm thanh đa chiều nhờ vào màng loa 40mm, chức năng tăng cường âm và thiết kế chụp tai đóng kín, ngăn tạp âm từ môi trường xung quanh, để bạn có thể tập trung, thoải mái đắm chìm vào game.","Tai nghe Corsair HS50 PRO Stereo Carbon (CA-9011215-AP)",1290000.0,"",7095782,50,3,9,NULL,NULL
81,NULL,"2022-03-16 14:48:15.257",NULL,NULL,"Dell","Màn hình LCD Dell 27 E2720H được thiết kế với phần viền mỏng làm tăng trải nghiệm người dùng và với một màn hình khá lớn 27inch để đáp ứng nhu cầu công việc, sản phẩm không quá nặng nề, có thể di chuyển dễ dàng phần chân đế màn hình thiết kế rất to và cứng cáp. Là một sản phẩm phục vụ cho nhân viên văn phòng  nên được thiết kế một cách tối giản tiết kiệm không gian làm việc.","Màn hình LCD Dell E2720H (1920 x 1080/IPS/60Hz/8 ms)",5180000.0,NULL,7095789,69,7,5,NULL,NULL
82,NULL,"2022-03-16 14:48:43.446",NULL,NULL,"Corsair","Tai Nghe Corsair HS70 PRO WIRELESS Carbon (CA-9011211-AP) sở hữu màng loa có kích thước 50mm với âm trầm mạnh mẽ cùng với âm trung và cao sống động. Âm thanh thể hiện chi tiết rõ ràng không chồng chéo, mang đến những chất âm chân thực nhất. Bên cạnh đó, tai nghe còn được tích hợp công nghệ âm thanh 3D cùng âm bass sâu, thể hiện tốt nhất từng thể loại nhạc khác nhau.","Tai nghe Corsair HS70 PRO WIRELESS Carbon (CA-9011211-AP)",2890000.0,"",7095792,50,3,9,NULL,NULL
83,NULL,"2022-03-16 14:48:51.658",NULL,NULL,"Dell","Kích thước: 27"" (1920 x 1080), Tỷ lệ 16:9
Tấm nền IPS, Góc nhìn: 178 (H) / 178 (V)
Tần số quét: 60Hz , Thời gian phản hồi 8 ms
 HIển thị màu sắc: 16.7 triệu màu
 Cổng hình ảnh: , 1 x HDMI 1.4, 1 x VGA/D-sub
","Màn hình LCD Dell E2720HS (1920 x 1080/IPS/60Hz/8 ms)",5850000.0,NULL,7095793,69,7,5,NULL,NULL
84,NULL,"2022-03-16 14:49:57.414",NULL,NULL,"Dell","Màn hình LCD Dell 18.5” E1920H mang lại trải nghiệm sống động về hình ảnh và giao diện sử dụng, là một sản phẩm màn hình máy tính cần thiết cho văn phòng hàng ngày. Hiệu suất màn hình đáp ứng tốt nhu cầu xem các ứng dụng, bảng tính của bạn và màn hình LCD Dell có những đường nét thiết kế gọn gàng, tinh tế, dễ dàng tạo điểm nhấn cho bàn làm việc của bạn.","Màn hình LCD Dell E1920H (1366 x 768/TN/60Hz/5 ms)",2710000.0,NULL,7095798,69,7,5,NULL,NULL
85,NULL,"2022-03-16 14:50:03.98",NULL,NULL,"Asus","Tai nghe không dây Asus ROG STRIX GO 2.4. Kết nối không dây 2,4 GHz có độ trễ thấp thông qua bộ chuyển đổi USB-C tương thích với Nintendo Switch ở chế độ cầm tay, thiết bị thông minh, PC, Mac và PS4, cùng với đầu nối 3,5 mm cho Xbox One và các thiết bị 3,5 mm khác.","Tai nghe không dây Asus ROG Strix Go 2.4 (Đen)",4990000.0,"",7095802,50,3,2,NULL,NULL
86,NULL,"2022-03-16 14:50:30.305",NULL,NULL,"Dell","Kích thước: 21.5""
Độ phân giải: 1920 x 1080 ( 16:9 )
Công nghệ tấm nền: IPS
Góc nhìn: 178 (H) / 178 (V)
Tần số quét: 60Hz
Thời gian phản hồi: 8 ms
","Màn hình LCD Dell SE2219HX (1920 x 1080/IPS/60Hz/8 ms)",2710000.0,NULL,7095806,69,7,5,NULL,NULL
87,NULL,"2022-03-16 14:51:12.586",NULL,NULL,"Dell","Kích thước: 27"" (1920 x 1080), Tỷ lệ 16:9
Tấm nền IPS, Góc nhìn: 178 (H) / 178 (V)
 Tần số quét: 75Hz , Thời gian phản hồi 4 ms
 HIển thị màu sắc: 16.7 triệu màu
 Công nghệ đồng bộ: FreeSync
 Cổng hình ảnh: , 2 x HDMI
","Màn hình LCD Dell S2721HN (1920 x 1080/IPS/75Hz/4 ms/FreeSync)",5577000.0,NULL,7095820,69,7,5,NULL,NULL
88,NULL,"2022-03-16 14:52:05.108",NULL,NULL,"Corsair","Có bộ khung bằng thép với một đệm bọt dày đặc cung cấp sức mạnh, độ bền và sự thoải mái trong những năm tới. Bệ đỡ 4D có kết cấu 3D thêm các vị trí tay vịn thay đổi và tiện nghi bổ sung. Nylon lăn bánh xe cung cấp chuyển động trơn tru trên bề mặt cứng và bảo vệ sàn của bạn từ vết trầy xước.","Ghế chơi game CORSAIR T1 Race (CF-9010001-WW) (Đen)",8990000.0,NULL,7095825,50,8,9,NULL,NULL
89,NULL,"2022-03-16 14:52:38.522",NULL,NULL,"Corsair","Có bộ khung bằng thép với một đệm bọt dày đặc cung cấp sức mạnh, độ bền và sự thoải mái trong những năm tới. Bệ đỡ 4D có kết cấu 3D thêm các vị trí tay vịn thay đổi và tiện nghi bổ sung. Nylon lăn bánh xe cung cấp chuyển động trơn tru trên bề mặt cứng và bảo vệ sàn của bạn từ vết trầy xước.","Ghế chơi game CORSAIR T1 Race (CF-9010005-WW) (Đen phối vàng)",8290000.0,NULL,7095828,50,8,9,NULL,NULL
90,NULL,"2022-03-16 14:52:40.157",NULL,NULL,"Corsair","Harpoon RGB được xem là dòng chuột chơi game giá rẻ của Corsair dành cho đối tượng người dùng phổ thông nói chung và những game thủ mới bắt đầu nói riêng, không muốn đầu tư quá nhiều chi phí để chơi game. Và tại triển lãm công nghệ CES 2019 diễn ra hằng năm, Corsair đã ra mắt phiên bản nâng cấp của Harpoon RGB về cảm biến quang học mới cho mức DPU cao hơn, cùng với khả năng kết nối không dây siêu nhanh sử dụng công nghệ độc quyền mới của hãng có tên SLIPSTREAm, đó chính là Harpooon RGB Wireless.","Chuột gaming không dây CORSAIR Harpoon RGB Wireless - CH-9311011-AP (Đen)",1390000.0,"",7095829,50,4,9,NULL,NULL
91,NULL,"2022-03-16 14:53:10.518",NULL,NULL,"Corsair","Ghế Gaming Corsair T3 Rush Charcoal là dòng ghế được thiết kế độc đáo bởi Corsair với các tính năng vượt trội hơn các dòng ghế trước đây, mang lại cảm giác thích thú và thoải mái hơn cho các game thủ. Hiện nay, chiếc ghế này đang là sự lựa chọn hàng đầu trên thị trường","Ghế Corsair T3 Rush Charcoal (Đen)",5489000.0,NULL,7095832,50,8,9,NULL,NULL
92,NULL,"2022-03-16 14:53:41.531",NULL,NULL,"Corsair","Corsair T3 Rush Gray-White là sản phẩm có thiết kế sang trọng lấy cảm hứng từ đường đua và sự thoải mái với sự kết hợp giữa 2 màu xám trắng độc đáo, chất liệu Polyurethane foam vượt trội, hỗ trợ đệm cổ và thắt lưng bằng mút hoạt tính, đảm bảo mang đến những trải nghiệm tuyệt vời cho người sử dụng.","Ghế Corsair T3 Rush Gray-White",5489000.0,NULL,7095836,50,8,9,NULL,NULL
93,NULL,"2022-03-16 14:54:00.815",NULL,NULL,"Logitech","Chuột gaming Logitech G102 Gen2 Lightsync có một thiết kế hiện đại, cao cấp. Sở hữu công nghệ LIGHTSYNC, cảm biến DPI cao và 6 nút tiện lợi giúp bạn dễ dàng sử dụng làm việc và chơi game hơn. Được trang bị độ phân giải 8000 DPI giúp bạn có thể di chuyển chuột một cách chính xác và mượt mà hơn. Ngoài ra với độ nhạy có thể tùy chỉnh, bạn hãy chọn mức độ phù hợp với những trò chơi của mình.","Chuột gaming Logitech G102 Gen2 Lightsync (Đen)",590000.0,"",7095840,50,4,3,NULL,NULL
94,NULL,"2022-03-16 14:54:15.614",NULL,NULL,"Corsair","Corsair T3 Rush Gray-White là sản phẩm có thiết kế sang trọng lấy cảm hứng từ đường đua và sự thoải mái với sự kết hợp giữa 2 màu xám trắng độc đáo, chất liệu Polyurethane foam vượt trội, hỗ trợ đệm cổ và thắt lưng bằng mút hoạt tính, đảm bảo mang đến những trải nghiệm tuyệt vời cho người sử dụng.","Ghế Corsair T3 Rush Gray-Charcoal",5489000.0,NULL,7095841,50,8,9,NULL,NULL
95,NULL,"2022-03-16 14:54:52.394",NULL,NULL,"DXRacer","Ghế Dxracer Gaming King KS06-NR (Đỏ đen) đem lại sự thoải mái và dễ chịu cho những ngày thi đấu cường độ cao kéo dài","Ghế chơi game DXRacer Gaming King KS06-NR (Đen;Đỏ)",8990000.0,NULL,7095847,50,8,13,NULL,NULL
96,NULL,"2022-03-16 14:55:06.92",NULL,NULL,"Logitech","Chuột chơi game Logitech G304 Wireless (Đen) được thiết kế chuyên dùng cho các game thủ với tông màu đen mạnh mẽ, có kích cỡ 116,6mm x 62,15mm x 38,2mm và khối lượng 99g vừa tay giúp cho các game thủ có thể dễ dàng làm quen với chuột sau 1, 2 giờ sử dụng. Chuột có thiết kế khung đối xứng phù hợp với thói quen sử dụng chuột bằng tay trái hoặc phải của người dùng.","Chuột chơi game Logitech G304 Wireless (Đen)",890000.0,"",7095850,50,4,3,NULL,NULL
97,NULL,"2022-03-16 14:56:03.858",NULL,NULL,"Logitech","Loại bỏ bớt đi thiết kế có dây dễ bị rồi như trên các loại chuột thông thường trước đây. Logitech đã rất ưu ái khi chuột G304 được kết nối không dây với máy tính thông qua LightSpeed mang đến sự tiện lợi và ổn định hơn trong quá trình sử dụng hằng ngày.","Chuột gaming không dây Logitech G304 (Trắng)",890000.0,"",7095860,50,4,3,NULL,NULL
98,NULL,"2022-03-16 14:56:51.539",NULL,NULL,"E-Dra","Ghế Dxracer Gaming King KS06-NR (Đỏ đen) đem lại sự thoải mái và dễ chịu cho những ngày thi đấu cường độ cao kéo dài","Ghế E-Dra Hercules EGC203 Pro (Trắng)",8990000.0,NULL,7095873,50,8,14,NULL,NULL
99,NULL,"2022-03-16 14:57:36.806",NULL,NULL,"Logitech","Logitech G403 có thiết kế thoải mái kèm theo trọng lượng nhẹ, với tay cầm cao su giúp tăng thêm khả năng di chuột của bạn. Ngoài ra bạn có thể tùy chỉnh được trọng lượng của chuột với tùy chọn 10g giúp bạn linh động hơn trong việc sử dụng. Logitech 403 được trang bị cảm biến 16K HERO thế hệ mới hiện đại. Giúp cho chuột của bạn lên một tầm cao mới với khả năng theo dõi 1:1, độ nhạy DPI tối đa 100-16.000DPI, kèm theo là tính năng làm mịn và lọc tăng tốc.","Chuột gaming Logitech G403 Hero",1590000.0,"",7095880,50,4,3,NULL,NULL
100,NULL,"2022-03-16 14:58:21.204",NULL,NULL,"E-Dra","E-Dra Jupiter M EGC204 V2 được làm bằng chất liệu da PU cao cấp với 2 màu đen đỏ sang trọng. Bộ khung ghế chắc chắn, chịu được khối lượng lớn, đặc biệt sản phẩm còn được trang bị kê chân mang đến cho bạn cảm giác thoải mái khi chơi game và làm việc, kể cả trong khoảng thời gian dài.","Ghế E-Dra Jupiter M EGC204 V2 (Đỏ đen)",3190000.0,NULL,7095888,50,8,14,NULL,NULL
101,NULL,"2022-03-16 14:58:49.377",NULL,NULL,"E-Dra","Ultimate EGC2020 LUX được bọc bằng chất liệu da thật cao cấp. Mang lại vẻ ngoài sang trọng đẳng cấp và bền bỉ. Bạn sẽ cảm nhận được đẳng cấp thật sự so với những dòng ghế basic khác. Độ bền của lớp da thật 100% cũng là yếu tố hàng đầu giúp chiếc ghế của bạn có tuổi thọ lâu dài, hạn chế tối đa vấn đề hư rách cũ kỹ.","Ghế E-Dra Ultimate EGC2020 LUX (Đen)",6190000.0,NULL,7095895,50,8,14,NULL,NULL
102,NULL,"2022-03-16 14:59:12.144",NULL,NULL,"Logitech","Logitech G703 có thiết kế thoải mái kèm theo trọng lượng nhẹ, với tay cầm cao su giúp tăng thêm khả năng di chuột của bạn. Ngoài ra bạn có thể tùy chỉnh được trọng lượng của chuột với tùy chọn 10g giúp bạn linh động hơn trong việc sử dụng. Logitech G703 được trang bị cảm biến 16K HERO thế hệ mới hiện đại. Giúp cho chuột của bạn lên một tầm cao mới với khả năng theo dõi 1:1, độ nhạy DPI tối đa 100-16.000DPI, kèm theo là tính năng làm mịn và lọc tăng tốc.","Chuột gaming không dây Logitech G703 Hero",2590000.0,"",7095896,50,4,3,NULL,NULL
103,NULL,"2022-03-16 14:59:17.607",NULL,NULL,"E-Dra","Ghế Gaming E-Dra Ares EGC207 mang dáng vẻ hiện đại, thời thượng, thiết kế tinh tế với các phòng chơi game giúp căn phòng trở nên tươi sáng hơn.","Ghế game E-dra Ares EGC207 (Hồng Đậm)",2990000.0,NULL,7095901,50,8,14,NULL,NULL
104,NULL,"2022-03-16 14:59:44.657",NULL,NULL,"E-Dra","Bộ khung của ghế E-Dra Hercules EGC203 Pro có kết cấu cực kỳ chắc chắn, nhờ lấy thiết kế từ NobleChairs. Ngoài ra dưới mông ghế còn được làm cố định với những thanh thép có độ dày lớn. Đảm bảo được độ bền và ổn đỉnh, ngang với những thương hiệu ghế gaming nổi tiếng.","Ghế E-Dra Hercules EGC203 Pro (Đen)",3649000.0,NULL,7095911,50,8,14,NULL,NULL
105,NULL,"2022-03-16 15:00:11.846",NULL,NULL,"E-Dra","Ghế E-Dra Jupiter M EGC204 có một thiết kế hiện đại cùng đầy đủ những tính năng cần thiết dành cho game thủ. Có kê chân tiện lợi giúp cho bạn có thể kê chân nghỉ ngơi một cách dễ dàng. Ghế có kích thước khá khiêm tốn, phù hợp với những người có thể trạng nhỏ nhắn, trung bình.","Ghế E-Dra Jupiter M EGC204 V2 (Trắng đen)",2199000.0,NULL,7095916,50,8,14,NULL,NULL
106,NULL,"2022-03-16 15:00:40.585",NULL,NULL,"Corsair","Corair là một thương hiệu không còn xa lạ gì với những game thủ trong thời điểm hiện tại. Với những sản phẩm chất lượng và giá cả hợp lý. Chuột gaming CorSAIR M55 RGB Pro cũng là một trong những sản phẩm chất lượng với thiết kế gọn nhẹ chỉ 86g kèm theo đó là các đường vân 2 bên giúp cho khả năng cầm nắm được chắc chắn hơn.","Chuột gaming CorSAIR M55 RGB Pro",990000.0,"",7095919,50,4,9,NULL,NULL
107,NULL,"2022-03-16 15:00:46.615",NULL,NULL,"E-Dra","Bộ khung của ghế E-Dra Hercules EGC203 có kết cấu cực kỳ chắc chắn, nhờ lấy thiết kế từ NobleChairs. Ngoài ra dưới mông ghế còn được làm cố định với những thanh thép có độ dày lớn. Đảm bảo được độ bền và ổn đỉnh, ngang với những thương hiệu ghế gaming nổi tiếng.","Ghế E-Dra Hercules EGC203 (Đen)",3549000.0,NULL,7095921,50,8,14,NULL,NULL
108,NULL,"2022-03-16 15:01:22.997",NULL,NULL,"E-Dra","Ghế E-Dra Citizen ECG200 có một thiết kế theo phong cách đơn giản nhưng không kém phần hiện đại, phù hợp với form người của Việt Nam. Ghế có thể nâng và hạ độ cao được ngã lưng đến 180 độ, cho cảm giác nằm thoải mái.","Ghế E-Dra Citizen EGC200 (Đỏ đen)",2049000.0,NULL,7095934,50,8,14,NULL,NULL
109,NULL,"2022-03-16 15:01:45.892",NULL,NULL,"Corsair","Harpoon RGB được xem là dòng chuột chơi game giá rẻ của Corsair dành cho đối tượng người dùng phổ thông nói chung và những game thủ mới bắt đầu nói riêng, không muốn đầu tư quá nhiều chi phí để chơi game. Và tại triển lãm công nghệ CES 2019 diễn ra hằng năm, Corsair đã ra mắt phiên bản nâng cấp của Harpoon RGB về cảm biến quang học mới cho mức DPU cao hơn, cùng với khả năng kết nối không dây siêu nhanh sử dụng công nghệ độc quyền mới của hãng có tên SLIPSTREAm, đó chính là Harpooon RGB Wireless.","Chuột gaming không dây CORSAIR Harpoon RGB Wireless - CH-9311011-AP (Đen)",1990000.0,"",7095937,50,4,9,NULL,NULL
110,NULL,"2022-03-16 15:02:05.316",NULL,NULL,"E-Dra","Tay ghế của E-Dra Mars EGC202 có đầy đủ tính năng xoay 3 chiều cực kỳ chắc chắn và linh hoạt. Lưng ghế ngả tối đã 180 độ bền bỉ và an toàn. Chân trụ của ghế với tiêu chuẩn gồm trụ thủy lực class 4 chịu trọng lượng trên 100kg và chân lõi thép chắc chắn.","Ghế E-Dra Mars EGC202 (Đen)",2049000.0,NULL,7095939,50,8,14,NULL,NULL
111,NULL,"2022-03-16 15:02:40.375",NULL,NULL,"E-Dra","Ghế MSI MAG CH120 (Đen) là chiếc ghế gaming cao cấp đến từ thương hiệu MSI nổi tiếng với thiết kế phong cách cùng những tính năng vượt trội sẽ đem lại cho bạn những trải nghiệm tuyệt vời, thỏa mãn nhu cầu kể cả những người dùng khó tính. Vì thế, chắc chắn MSI MAG CH120 là sự lựa chọn tối ưu cho bạn.
Sử dụng chất liệu cao cấp cho cảm giác êm ái, an toàn khi sử sử dụng và dễ dàng vệ sinh

","Ghế MSI MAG CH120 I (Đen)",5590000.0,NULL,7095943,50,8,14,NULL,NULL
112,NULL,"2022-03-16 15:02:51.29",NULL,NULL,"Corsair","Được thiết kế nhỏ gọn trong lòng bàn tay chỉ 119g bằng chất liệu nhựa. Vời hình dạng đường viền được điêu khắc đặc biệt cho tay cầm. Đồng thời với phần lưng được bo cong sẽ giúp cho những người có lòng bàn tay lớn được thoải mái hơn.","Chuột gaming CorSAIR Ironclaw",1790000.0,"",7095945,50,4,9,NULL,NULL
113,NULL,"2022-03-16 15:03:27.68",NULL,NULL,"Warrior","Ghế gaming Warrior Crusader Series WGC102 mang một thiết kế hiện đại, giúp bạn thư giản hay làm việc đều hiệu quả và thoải mái. Với góc độ nghiêng lên đến 135 độ giúp bạn có thể ngã người nghỉ ngơi hay góc thẳng 90 độ để bạn có thể làm việc một cách hiệu quả. Tay vịn của ghế cũng sẽ tự động thay đổi khi bạn điều khiển ghế.","Ghế Warrior Crusader Series WGC102 (Đen)",2490000.0,NULL,7095949,50,8,15,NULL,NULL
114,NULL,"2022-03-16 15:04:06.037",NULL,NULL,"Razer","Trải nghiệm hiệu suất mạnh mẽ với con chuột nhẹ nhất từng được tạo ra của chúng tôi — một cấu trúc siêu nhẹ, gọn gàng giúp điều khiển dễ dàng. Có công tắc chuột quang tiên tiến, cảm biến 8.500 DPI chính xác và Cáp Razer Speedflex cho độ chính xác và tốc độ cao nhất.","Chuột máy tính gaming Razer Viper Mini (RZ01-03250100-R3M1)",1290000.0,"",7095955,50,4,16,NULL,NULL
115,NULL,"2022-03-16 15:04:17.164",NULL,NULL,"Warrior","Ghế gaming Warrior Crusader Series WGC102 mang một thiết kế hiện đại, giúp bạn thư giản hay làm việc đều hiệu quả và thoải mái. Với góc độ nghiêng lên đến 135 độ giúp bạn có thể ngã người nghỉ ngơi hay góc thẳng 90 độ để bạn có thể làm việc một cách hiệu quả. Tay vịn của ghế cũng sẽ tự động thay đổi khi bạn điều khiển ghế.","Ghế Warrior Crusader Series WGC102 (Đỏ đen)",2490000.0,NULL,7095957,50,8,15,NULL,NULL
116,NULL,"2022-03-16 15:04:59.241",NULL,NULL,"Razer","Razer Deathadder là một chiếc chuột chơi game nổi tiếng và đã có hơn 10 triệu chiếc đã được bán. Nhờ thiết kế công thái học đặc biệt, phù hợp hoàn toàn cho form palm, hỗ trợ tốt với form cần claw hoặc finger tip. Do đó Razer Deathadder V2 là một sản phẩm tiếp nối di sản này với hình dáng đặc trưng của thế hệ trước và giảm đi trọng lượng để bạn có thể xử lý nhanh hơn trong các trò chơi. Mang đến sự thoải mái tuyệt đối khi chơi game nhờ thiết kế công thái học.","Chuột máy tính gaming Razer Deathadder V2 RZ01-03210100-R3M1 (Đen)",1290000.0,"",7095966,50,4,16,NULL,NULL
117,NULL,"2022-04-10 11:25:53.308",NULL,NULL,"Apple","test","Hello",10000.0,NULL,9360452,100,1,1,0,NULL
118,NULL,"2022-04-10 11:27:39.228",NULL,"2022-04-17 14:11:07.067","Logitech","qa","Hq",30000.0,NULL,9407707,12,2,3,0,NULL
119,NULL,"2022-04-10 11:28:32.523",NULL,"2022-04-17 14:11:16.612","Logitech","qqq","qq",1222222000.0,NULL,9407708,26,7,3,0,NULL
121,NULL,"2022-04-17 14:56:24.084",NULL,"2022-04-17 14:59:05.606","Apple","test","KHẨU TRANG",250000.0,NULL,9407789,50,2,1,0,NULL
